code,name,agenda,kind,unit
D1.1,Počet obyvatel obce VČETNĚ cizinců,1,dkod,
D1.1.1,Z TOHO počet cizinců s trvalým a přechodným pobytem v obci,1,dkod,
D1.2,Počet obyvatel správního obvodu obce s pověřeným obecním úřadem VČETNĚ cizinců,1,dkod,
D1.3,Počet obyvatel správního obvodu obce s rozšířenou působností VČETNĚ cizinců,1,dkod,
D1.3.1,Z TOHO počet cizinců ve správním obvodu obce s rozšířenou působností,1,dkod,
D1.4,Počet obyvatel správního obvodu obce s působností matričního úřadu VČETNĚ cizinců,1,dkod,
D1.5,Počet obyvatel správního obvodu obce s působností stavebního úřadu VČETNĚ cizinců,1,dkod,
D1.8,Počet obcí ve správním obvodu obce s rozšířenou působností,1,dkod,
D1.9,Počet obcí v působnosti matričního úřadu pro něž obec (vyplňující) zajišťuje působnost matričního úřadu,1,dkod,
D1.10,Počet matričních úřadů ve správním obvodu,1,dkod,
D1.13,Počet km čtverečních obce,1,dkod,
D1.15,Počet km čtverečních správního obvodu obce s rozšířenou působností,1,dkod,
D1.16,Podíl nezaměstnaných na obyvatelstvu v % v obci (nebo v okrese),1,dkod,
D1.17,Podíl nezaměstnaných na obyvatelstvu v % ve správním obvodu obce s rozšířenou působností (nebo v okrese),1,dkod,
D1.18,PRŮMĚRNÝ fyzický počet zaměstnanců obce zařazených v obecním úřadě,1,dkod,
D1.19,Průměrný evidenční přepočtený počet zaměstnanců obce zařazených v obecním úřadě,1,dkod,
D2.0.1,Počet přihlášení k trvalému pobytu z jiného správního obvodu obce III. typu,2,dkod,
D2.0.2,Počet odhlášení z trvalého pobytu ze správního obvodu obce III. typu,2,dkod,
D2.0.4,Změna počtu osob přihlášených k trvalému pobytu (hlášení vlastníkům),2,dkod,
D2.0.5,Počet odhlášení z trvalého pobytu v obci,2,dkod,
D2.0.6,Počet osob přihlášených k trvalému pobytu na ohlašovně obce,2,dkod,
D2.1.2,Počet zahájených správních řízení o zrušení trvalého pobytu,2,dkod,
D2.1.3,Počet nahlášení ukončení trvalého pobytu na území ČR,2,dkod,
D2.1.4,Počet nahlášení doručovacích adres dle § 10b zák. 133/2000 Sb.,2,dkod,
D2.1.5,Počet výpisů z informačního systému dle § 8 zák. 133/2000 Sb.,2,dkod,
D2.3,Počet zaměstnanců - pracovních úvazků v agendě evidence obyvatel celkem,2,dkod,
D2.10,Počet úředních hodin v týdnu,2,dkod,
D2.11,Průměrná čekací doba (v minutách),2,dkod,
D3.1,Počet zaměstnanců - pracovních úvazků v agendě matrika celkem POZOR!!! POUZE ZA MATRIKU NE VIDIMACE A LEGALIZACE!!!,3,dkod,
D3.1.1,Úvazky pracovníků zajišťujících vidimaci a legalizaci ZA ÚŘAD/MAGISTRÁT CELKEM,3,dkod,
D3.2,Vystavení vysvědčení o právní způsobilosti k uzavření manželství či registraci partnerství s cizincem,3,dkod,
D3.5,Změna jména a příjmení,3,dkod,
D3.6,Vystavení vícejazyčných standardních formulářů,3,dkod,
D3.7,"Zpětvzetí příjmení, dopsání druhého jména a příjmení v mužském tvaru",3,dkod,
D3.8,Žádosti o vystavení dokladů ze Zvláštní matriky Brno,3,dkod,
D3.9,Vystavení osvědčení pro uzavření sňatku před orgánem církve,3,dkod,
D3.10,Počet zápisů v knize narození - počet narození,3,dkod,
D3.11,Počet zápisů v knize manželství,3,dkod,
D3.11.2,Celkový počet žádostí o uzavření manželství a partnerství mimo stanovenou dobu a místo,3,dkod,
D3.12,Počet zápisů v knize úmrtí - počet úmrtí,3,dkod,
D3.13,Počet vyhotovených duplikátů matričních dokladů,3,dkod,
D3.14,Počet změn v matričních zápisech celkem,3,dkod,
D3.15,"Počet konzultací a přezkoušení dle Zákona č. 21/2006 Sb., o ověřování",3,dkod,
D3.16,Vidimace a legalizace - počet případů,3,dkod,
D3.17,Počet prominutí předložení stanoveného dokladu,3,dkod,
D3.18,Počet zápisů o určení otcovství před i po narození dítěte,3,dkod,
D3.19,Počet tranzicí,3,dkod,
D3.20,Počet úředních hodin v týdnu,3,dkod,
D3.21,Průměrná čekací doba (v minutách),3,dkod,
D4.1,Počet zaměstnanců - pracovních úvazků v agendě občanské průkazy celkem,4,dkod,
D4.2,Počet žádostí o vydání OP,4,dkod,
D4.2.1,z toho počet žádostí off line (žádosti nabrané v terénu - imobilní občané),4,dkod,
D4.4,Počet všech vydaných OP,4,dkod,
D4.5,Počet VŠECH řešených přestupků DLE ZÁKONA 269/2021 Sb.,4,dkod,
D4.6,z toho počet přestupků vyřízených v PŘÍKAZNÍM řízení na místě DLE ZÁKONA 269/2021 Sb.,4,dkod,
D4.6.1,Objem uložených pokut v tis. Kč,4,dkod,
D4.7,Průměrná čekací doba (v minutách),4,dkod,
D4.8,Počet úředních hodin v týdnu,4,dkod,
D4.9,Příjmy ze správních poplatků v tis. Kč,4,dkod,
D5.1,Počet žádostí celkem,5,dkod,
D5.2,Počet vydaných pasů,5,dkod,
D5.3,Počet VŠECH řešených přestupků DLE ZÁKONA 329/1999 Sb.,5,dkod,
D5.3.1,z toho počet přestupků vyřízených v PŘÍKAZNÍM řízení na místě DLE ZÁKONA 329/1999 Sb.,5,dkod,
D5.4,Objem uložených pokut v tis. Kč,5,dkod,
D5.5,Průměrná čekací doba (v minutách),5,dkod,
D5.6,Počet zaměstnanců - pracovních úvazků v agendě cestovní doklady celkem,5,dkod,
D5.7,Počet úředních hodin v týdnu,5,dkod,
D5.8,Příjmy ze správních poplatků v tis. Kč,5,dkod,
D6.1,Fyzický počet zaměstnanců obce zařazených v obecním úřadě,6,dkod,
D6.1.1,Počet žen,6,dkod,
D6.1.2,Počet mužů,6,dkod,
D6.1.3.1,Počet zaměstnanců ve věku do 30 let,6,dkod,
D6.1.3.2,Počet zaměstnanců ve věku 31 - 50 let,6,dkod,
D6.1.3.3,Počet zaměstnanců ve věku 51-60 let,6,dkod,
D6.1.3.4,Počet zaměstnanců ve věku 61 let a výše,6,dkod,
D6.1.3.5,Fyzický počet zaměstnanců s nárokem na starobní důchod,6,dkod,
D6.1.9,Počet zaměstnanců se základním vzděláním,6,dkod,
D6.1.10,Počet zaměstnanců se středním odborným vzděláním (bez maturitní zkoušky),6,dkod,
D6.1.11,Počet zaměstnanců s úplným středním odborným vzděláním (s maturitní zkouškou),6,dkod,
D6.1.12,Počet zaměstnanců s vyšším odborným vzděláním,6,dkod,
D6.1.13,Počet zaměstnanců s vysokoškolským vzděláním,6,dkod,
D6.2.1,Počet úředníků (bez vedoucích úředníků),6,dkod,
D6.2.2,Počet vedoucích úředníků,6,dkod,
D6.2.2.1,Počet vedoucích úředníků - žen,6,dkod,
D6.2.2.2,Počet vedoucích úředníků - mužů,6,dkod,
D6.2.2.2.1,Počet vedoucích úředníků ve věku do 30 let,6,dkod,
D6.2.2.2.2,Počet vedoucích úředníků ve věku 31 - 50 let,6,dkod,
D6.2.2.2.3,Počet vedoucích úředníků ve věku 51-60 let,6,dkod,
D6.2.2.2.4,Počet vedoucích úředníků ve věku 61 let a výše,6,dkod,
D6.2.2.12,Počet vedoucích úředníků s vyšším odborným vzděláním,6,dkod,
D6.2.2.13,Počet vedoucích úředníků s vysokoškolským vzděláním,6,dkod,
D6.2.3,Počet ostatních zaměstnanců (neúředníků zařazených do úřadu),6,dkod,
D6.3,Náklady na vzdělávání celkem (včetně ZOZ) v tis. Kč,6,dkod,
D6.4,Počet absolventů vzdělávacích akcí,6,dkod,
D6.4.1,Z toho počet absolventů vzdělávacích akcí E-LEARNING,6,dkod,
D6.4.3,Z toho počet absolventů on-line kurzů,6,dkod,
D7.1,Počet sledovaných úkonů celkem,7,dkod,
D7.1.1,Počet všech vydaných řidičských průkazů (včetně mezinárodních),7,dkod,
D7.1.2,Počet všech rozhodnutí vydaných ve správních řízeních na úseku registru řidičů,7,dkod,
D7.10,Příjem správních poplatků v tis. Kč,7,dkod,
D7.11,Počet řidičů (stav evidence řidičů),7,dkod,
D7.12,Počet zaměstnanců - pracovních úvazků v agendě registr řidičů celkem,7,dkod,
D7.13,Průměrná čekací doba (v minutách),7,dkod,
D8.1,Počet provedených úkonů celkem (údaj z RSV),8,dkod,
D8.2,Příjem správních poplatků v tis. Kč,8,dkod,
D8.3,Počet lustrací (výdej dat z registru),8,dkod,
D8.4,Počet všech vydaných správních rozhodnutí na úseku registru vozidel,8,dkod,
D8.7,Počet vozidel v registru,8,dkod,
D8.8,Počet zaměstnanců - pracovních úvazků v agendě registr vozidel celkem,8,dkod,
D8.10,Průměrná čekací doba (v minutách),8,dkod,
D9.1,Počet zkoušek včetně zkoušek opakovaných,9,dkod,
D9.2,Procento úspěšných žadatelů o řidičské oprávnění při 1. zkoušce,9,dkod,
D9.3,Počet autoškol ve správním obvodu,9,dkod,
D9.7,Příjem poplatků v tis. Kč,9,dkod,
D9.8,Počet zaměstnanců (zkušebních komisařů) - pracovních úvazků v této agendě celkem,9,dkod,
D10.1.1,Počet oznámených skutkových podstat dle zákona 361/2000 Sb. (Zákon o provozu na pozemních komunikacích),10,dkod,
D10.1.1.1,"z toho počet VŠECH oznámených skutkových podstat dle §125f, odst. 2, písm. a) zákona 361/2000 Sb.",10,dkod,
D10.1.1.1.1,Je provozován automatizovaný systém měření rychlosti a generuje výzvy?,10,dkod,
D10.1.1.1.2,Je provozován automatizovaný systém parkování a generuje výzvy?,10,dkod,
D10.1.1.1.3,Je provozován systém detekce jízdy na červenou a generuje výzvy?,10,dkod,
D10.1.2,Počet přestupků vyřízených příkazem na místě dle zákona 361/2000 Sb.,10,dkod,
D10.1.3,Počet přestupků vyřízených příkazem dle zákona 361/2000 Sb.,10,dkod,
D10.1.4,Počet přestupků vyřízených rozhodnutím dle zákona 361/2000 Sb.,10,dkod,
D10.1.5,"Počet odložených přestupků dle zákona 361/2000 Sb. (mimo §125h, odst. 5 zákona 361/2000 Sb. (D1.1.4))",10,dkod,
D10.2.1,Počet oznámených skutkových podstat dle zákona 168/1999 Sb. a dle zákona č. 30/2024 Sb.,10,dkod,
D10.2.2,Počet přestupků vyřízených příkazem na místě dle zákona 168/1999 Sb. a dle zákona č. 30/2024 Sb.,10,dkod,
D10.2.3,Počet přestupků vyřízených příkazem dle zákona 168/1999 Sb. a dle zákona č. 30/2024 Sb.,10,dkod,
D10.2.4,Počet přestupků vyřízených rozhodnutím dle zákona 168/1999 Sb. a dle zákona č. 30/2024 Sb.,10,dkod,
D10.2.5,Počet odložených přestupků dle zákona 168/1999 Sb. a dle zákona č. 30/2024 Sb.,10,dkod,
D10.3.1,Počet oznámených skutkových podstat dle zákona 56/2001 Sb. (Zákon o podmínkách provozu vozidel na pozemních komunikacích),10,dkod,
D10.3.2,Počet přestupků vyřízených příkazem na místě dle zákona 56/2001 Sb.,10,dkod,
D10.3.3,Počet přestupků vyřízených příkazem dle zákona 56/2001 Sb.,10,dkod,
D10.3.4,Počet přestupků vyřízených rozhodnutím dle zákona 56/2001 Sb.,10,dkod,
D10.3.5,Počet odložených přestupků dle zákona 56/2001 Sb.,10,dkod,
D10.4,"Celkový počet odvolání dle zákonů 361/2000Sb., 168/199 sb. a 56/2001 Sb.",10,dkod,
D10.5,"Objem uložených pokut včetně nákladů řízení a uhrazených určených částek na základě výzvy dle zákonů 361/2000 Sb., 168/1999 Sb. a 56/2001 Sb. v tis. Kč.",10,dkod,
D10.6,"Počet zaměstnanců - pracovních úvazků celkem; SOUČET ZA PŘESTUPKY dle zákonů 361/2000 Sb., 168/1999 Sb. a 56/2001 Sb.",10,dkod,
D10.6.1,"z toho počet zaměstnanců - pracovních úvazků zaměstnanců, kteří zpracovávají přestupky dle §125f, odst. 2, písm. a) zákona 361/2000 Sb.",10,dkod,
D11.1,Počet vydaných rozhodnutí,11,dkod,
D11.4,Státní dozor dle zákona o pozemních komunikacích,11,dkod,
D11.5,Počet stanovení dopravního značení,11,dkod,
D11.7,Počet sledovaných úkonů celkem,11,dkod,
D11.8,Počet zaměstnanců - pracovních úvazků v agendě silniční správní úřad celkem,11,dkod,
D12.8,Počet sledovaných úkonů MHD a drážního úřadu,12,dkod,
D12.18,Počet sledovaných úkonů TAXI,12,dkod,
D12.25,Počet sledovaných úkonů měření emisí,12,dkod,
D12.26,Počet sledovaných úkonů celkem,12,dkod,
D12.27,Počet zaměstnanců - pracovních úvazků v agendě dopravní úřad celkem,12,dkod,
D14.1,ÚPD řešené ve sledovaném roce - město,14,dkod,
D14.2,Změny ÚPD řešené ve sledovaném roce - město,14,dkod,
D14.4,Celkem řešených ÚPD a změn ÚPD ve sledovaném roce - město,14,dkod,
D14.5,ÚPD řešené ve sledovaném roce - na žádost obcí správního území ORP,14,dkod,
D14.6,Změny ÚPD řešené ve sledovaném roce - na žádost obcí správního území ORP,14,dkod,
D14.8,Celkem řešených ÚPD a změn ÚPD ve sledovaném roce - na žádost obcí správního území,14,dkod,
D14.9,Celkem řešených ÚPD a změn ÚPD ve sledovaném roce - město a obce správního území ORP,14,dkod,
D14.11,Počet pořizovaných územních studií ve sledovaném roce - město,14,dkod,
D14.12,Počet pořizovaných územních studií ve sledovaném roce - obce správního území,14,dkod,
D14.13,Podíl úřadu územního plánování na zpracování ÚAP (%),14,dkod,
D14.14,Počet zpracovávaných Zpráv o uplatňování ÚP ve sledovaném roce,14,dkod,
D14.14.1,Počet sledovaných ÚPI,14,dkod,
D14.14.2,Počet vydaných závazných stanovisek,14,dkod,
D14.14.3,"Počet vyjádření, sdělení",14,dkod,
D14.15,Počet podaných přezkumů a správních žalob proti ÚPD ve sledovaném roce,14,dkod,
D14.16,Počet zaměstnanců - pracovních úvazků v agendě územní plánování celkem (BEZ úvazků pro ÚAP),14,dkod,
D14.16.1,Počet zaměstnanců - úvazky pro ÚAP,14,dkod,
D15.1,Počet rozhodnutí,15,dkod,
D15.3,Celkem sledovaných úkonů,15,dkod,
D15.4,Počet nemovitých kulturních památek ve správním obvodu obce s rozšířenou působností,15,dkod,
D15.5,Počet movitých kulturních památek ve správním obvodu obce s rozšířenou působností,15,dkod,
D15.6,Počet žádostí o finanční podporu na obnovu kulturních památek,15,dkod,
D15.7,Počet uspokojených žádostí,15,dkod,
D15.8,"Počet památk. zón, rezervací, ochranných pásem správ. obvodu obce s rozšířenou působností",15,dkod,
D15.9,Počet zaměstnanců - pracovních úvazků v agendě památková péče celkem,15,dkod,
D16.1,"Povolení záměru, změny záměru před dokončením, prodloužení doby trvání stavby",16,dkod,
D16.1.1,Povolení ve věcech dopravních staveb nebo zařízení (v celém obvodu ORP),16,dkod,
D16.1.2,Povolení ve věcech vodního díla - jednoduché stavby (v celém obvodu ORP),16,dkod,
D16.1.3,Povolení ve věcech vodního díla - ostatní stavby (v celém obvodu ORP),16,dkod,
D16.1.4,Povolení výjimky,16,dkod,
D16.2,Užívání stavby - počet vydaných rozhodnutí,16,dkod,
D16.2.1,Kolaudace,16,dkod,
D16.2.2,Předčasné užívání,16,dkod,
D16.2.3,Zkušební provoz,16,dkod,
D16.2.4,Změna v užívání,16,dkod,
D16.3,Pasport stavby,16,dkod,
D16.4,Odstraňování staveb - počet vydaných rozhodnutí,16,dkod,
D16.4.1,Povolení odstranění,16,dkod,
D16.4.2,Nařízení odstranění,16,dkod,
D16.4.3,Dodatečné povolení,16,dkod,
D16.5,Jiná řízení a opatření - počet vydaných rozhodnutí,16,dkod,
D16.6,"Procesní ""rozhodnutí""",16,dkod,
D16.7,Vyjádření,16,dkod,
D16.8,Předběžná informace,16,dkod,
D16.9,Kontrolní prohlídky a kontrola dle kontrolního řádu,16,dkod,
D16.10,Počet projednaných přestupků,16,dkod,
D16.11,Vyvlastnění - rozhodnutí,16,dkod,
D16.12,Odvolání - celkový počet rozhodnutí o odvolání,16,dkod,
D16.12.2,Počet zrušených rozhodnutí,16,dkod,
D16.13,Celkový počet vydaných rozhodnutí ve věci,16,dkod,
D16.15,"Počet žádostí o informace dle zákona č. 106/1999 Sb., o svobodném přístupu k informacím",16,dkod,
D16.16.1,Počet zaměstnanců - pracovních úvazků v agendě obecní stavební úřad celkem,16,dkod,
D16.16.2,Počet reálně obsazených pracovních úvazků v agendě obecní stavební úřad celkem v daném roce.,16,dkod,
D16.17,Počet katastrálních území ve správním obvodu ORP,16,dkod,
D17.0,"Počet obcí, za které úřad projednává přestupky dle zákona 251/2016 Sb. a korespondující přestupky dle předchozích předpisů na základě rozhodnutí Krajského úřadu ve věci převodu výkonu této agendy",17,dkod,
D17.0.1,"Počet obyvatel obcí, za které úřad projednává přestupky na základě rozhodnutí Krajského úřadu ve věci převodu výkonu této agendy dle údaje v řádku D17.0",17,dkod,
D17.1,"Počet uzavřených veřejnoprávních smluv, jejichž předmětem je řešení přestupků dle zákona 251/2016 Sb. a korespondujících přestupků dle předchozích předpisů",17,dkod,
D17.1.1,"Počet obyvatel obcí, s nimiž jsou uzavřeny veřejnoprávní smlouvy dle údaje v řádku D17.1",17,dkod,
D17.2.1,Počet oznámených skutkových podstat dle zákona 251/2016 Sb. a korespondujících skutkových podstat dle předchozích předpisů,17,dkod,
D17.2.2,Počet přestupků vyřízených příkazem na místě dle zákona 251/2016 Sb. a korespondujících skutkových podstat dle předchozích předpisů,17,dkod,
D17.2.3,Počet přestupků vyřízených příkazem dle zákona 251/2016 Sb.a korespondujících skutkových podstat dle předchozích předpisů,17,dkod,
D17.2.4,Počet přestupků vyřízených rozhodnutím dle zákona 251/2016 Sb. a korespondujících skutkových podstat dle předchozích předpisů,17,dkod,
D17.2.5,Počet odložených přestupků dle zákona 251/2016 Sb. a korespondujících skutkových podstat dle předchozích předpisů,17,dkod,
D17.2.6,Počet odvolání proti rozhodnutím o přestupcích dle zákona 251/2016 Sb. a proti rozhodnutím o korespondujících přestupcích dle předchozích předpisů,17,dkod,
D17.3.1,"Počet oznámených skutkových podstat OSTATNÍCH PŘESTUPKŮ dle zvláštních právních předpisů, které projednává oddělení nebo útvar projednávající přestupky dle zákona 251/2016 Sb.",17,dkod,
D17.3.2,"Počet OSTATNÍCH PŘESTUPKŮ dle zvláštních právních předpisů, které projednává oddělení nebo útvar projednávající přestupky dle zákona 251/2016 Sb. vyřízených příkazem na místě",17,dkod,
D17.3.3,"Počet OSTATNÍCH PŘESTUPKŮ dle zvláštních právních předpisů, které projednává oddělení nebo útvar projednávající přestupky dle zákona 251/2016 Sb. vyřízených příkazem",17,dkod,
D17.3.4,"Počet OSTATNÍCH PŘESTUPKŮ dle zvláštních právních předpisů, které projednává oddělení nebo útvar projednávající přestupky dle zákona 251/2016 Sb. vyřízených rozhodnutím",17,dkod,
D17.3.5,"Počet odložených OSTATNÍCH PŘESTUPKŮ dle zvláštních právních předpisů, které projednává oddělení nebo útvar projednávající přestupky dle zákona 251/2016 Sb.",17,dkod,
D17.3.6,"Počet odvolání v rámci OSTATNÍCH PŘESTUPKŮ dle zvláštních právních předpisů, které projednává oddělení nebo útvar projednávající přestupky dle zákona 251/2016 Sb.",17,dkod,
D17.4,"Objem uložených pokut v tis. Kč včetně nákladů řízení dle zákona 251/2016 Sb., dle korespondujících skutkových podstat dle předchozích předpisů a dle ostatních právních předpisů dle řádků výše",17,dkod,
D17.5,Projednáváte přestupky v přestupkové komisi?,17,dkod,
D17.6,Počet zaměstnanců - pracovních úvazků,17,dkod,
D18.1,Počet subjektů (držitelů živnostenského oprávnění),18,dkod,
D18.2,Počet živnostenských oprávnění,18,dkod,
D18.3.1,"Počet podnikatelů, kterým vzniklo ve sledovaném roce nové živnostenské oprávnění",18,dkod,
D18.3.2,Počet vydaných výpisů ze ŽR jako průkazů živnostenských oprávnění,18,dkod,
D18.3.3,Počet výpisů a potvrzení ze živnostenského rejstříku,18,dkod,
D18.3.4,Počet vyrozumění o přerušení a pokračování v provozování živnosti,18,dkod,
D18.3.5,Počet rozhodnutí o zrušení živnostenského oprávnění,18,dkod,
D18.3.5.1,z toho sankčních,18,dkod,
D18.3.6,"Počet vyrozumění o zápisu provozovny, změn do živnostenského rejstříku a míst pro vypořádání závazků po ukončení provozovny",18,dkod,
D18.3.7,Počet rozhodnutí o pozastavení živnostenského oprávnění,18,dkod,
D18.3.8,Počet podnětů celkem,18,dkod,
D18.3.8.1,Počet podnětů cizích subjektů,18,dkod,
D18.3.9,Počet avíz a usnesení,18,dkod,
D18.3.10,Počet odeslaných podání z JRF,18,dkod,
D18.5.1,Počet kontrol,18,dkod,
D18.5.1.1,Součet předmětů kontrol,18,dkod,
D18.5.2,"Počet úkonů před zahájením kontroly, včetně záznamů",18,dkod,
D18.5.3,Počet uložených pokut příkazem na místě v ks,18,dkod,
D18.5.4,Objem uložených pokut příkazem na místě celkem v tis. Kč,18,dkod,
D18.5.5,Počet uložených pokut v přestupkovém řízení v ks,18,dkod,
D18.5.6,Objem uložených pokut v přestupkovém řízení celkem v tis. Kč,18,dkod,
D18.6,Počet registračních zaměstnanců - pracovních úvazků,18,dkod,
D18.7,Počet kontrolních zaměstnanců - pracovních úvazků,18,dkod,
D18.8,Počet zaměstnanců - pracovních úvazků pro agendu zemědělského podnikatele,18,dkod,
D18.9,Zaměstnanci ostatní - počet úvazků ostatních zaměstnanců Živnostenského úřadu,18,dkod,
D18.10,"Počet zaměstnanců - pracovních úvazků zařazených na odboru, ale vykonávajících jiné agendy",18,dkod,
D18.13,Počet registrovaných zemědělských podnikatelů,18,dkod,
D18.14,Počet úředních hodin v týdnu,18,dkod,
D19.1,Míra náročnosti výkonu sociální práce,19,dkod,
D19.2,Počet dětí do 18 let ve správním obvodu ORP,19,dkod,
D19.3,Evidovaný počet případů SPOD,19,dkod,
D19.3.1,"Počet případů kolizního opatrovnictví, poručnictví",19,dkod,
D19.4,"Počet ""spisů"" bez zavedení NOM nebo OM",19,dkod,
D19.5,Počet případů SPOD zaevidovaných za sledovaný rok,19,dkod,
D19.5.1,Počet dětí v náhradní rodinné péči,19,dkod,
D19.5.1.1,Celkový počet dětí svěřených do pěstounské péče na přechodnou dobu,19,dkod,
D19.5.2,Počet osob vykonávajících náhradní rodinnou péči,19,dkod,
D19.6,Počet dohod o výkonu pěstounské péče uzavřených OSPOD,19,dkod,
D19.7.1,Počet vypracovaných IPOD dětí dle § 6 zákona č. 359/1999 Sb.,19,dkod,
D19.8,Počet dětí umístěných v náhradní péči zařízení pro péči o děti,19,dkod,
D19.8.1,Celkový počet dětí umístěných v náhradní péči zařízení pro péči o děti,19,dkod,
D19.9,Počet pořádaných případových konferencí,19,dkod,
D19.10,"Počet dětí, u kterých byl soudem či OSPOD stanoven dohled",19,dkod,
D19.11,Počet zásahů v rámci pohotovostní služby OSPOD mimo pracovní dobu,19,dkod,
D19.12.1,VYPLŇTE POUZE POKUD PRŮKAZNĚ SLEDUJETE - SPOD - celkový počet sociálních šetření,19,dkod,
D19.12.2,VYPLŇTE POUZE POKUD PRŮKAZNĚ SLEDUJETE - SPOD - celkový počet soudních jednání,19,dkod,
D19.13,Počet klientů kurátora pro děti a mládež,19,dkod,
D19.14,Počet zaměstnanců - pracovních úvazků agendy SPOD,19,dkod,
D19.14.1,z toho počet zaměstnanců - pracovních úvazků na zajištění náhradní rodinné péče,19,dkod,
D19.14.2,z toho počet zaměstnanců - pracovních úvazků na zajištění agendy kurátora pro děti a mládež,19,dkod,
D19.14.3,Počet zaměstnanců - pracovních úvazků agendy SPOD (bez NRP a kurátora),19,dkod,
D19.15,Skutečné náklady na výkon OSPOD dle vyúčtování dotace MPSV v tis. Kč,19,dkod,
D19.16.1,ZVLÁŠTNÍ PŘÍJEMCE DÁVEK DŮCHODOVÉHO POJIŠTĚNÍ - počet správních rozhodnutí,19,dkod,
D19.16.2,ZVLÁŠTNÍ PŘÍJEMCE DÁVEK DŮCHODOVÉHO POJIŠTĚNÍ - počet evidovaných zvláštních příjemců dávek důchodového pojištění,19,dkod,
D19.17.1,VEŘEJNÉ OPATROVNICTVÍ - počet opatrovanců,19,dkod,
D19.17.2,VEŘEJNÉ OPATROVNICTVÍ - z toho počet opatrovanců v pobytových zařízeních,19,dkod,
D19.17.3,VEŘEJNÉ OPATROVNICTVÍ - počty návštěv,19,dkod,
D19.17.4,OPATROVNICTVÍ - počet sociálních šetření na dožádání ve věci opatrovnictví,19,dkod,
D19.17.5,VEŘEJNÉ OPATROVNICTVÍ - počet úvazků zaměstnanců,19,dkod,
D19.18.1,SOCIÁLNÍ PRÁCE - OHROŽENÉ A VYLOUČENÉ OSOBY - počet spisů,19,dkod,
D19.18.2,SOCIÁLNÍ PRÁCE - OHROŽENÉ A VYLOUČENÉ OSOBY - počet anonymních klientů,19,dkod,
D19.18.3,SOCIÁLNÍ PRÁCE - OHROŽENÉ A VYLOUČENÉ OSOBY - počet sociálních šetření,19,dkod,
D19.18.4,SOCIÁLNÍ PRÁCE - OHROŽENÉ A VYLOUČENÉ OSOBY - počet úvazků zaměstnanců,19,dkod,
D19.19.1,SOCIÁLNÍ KURATELA - OSOBY VE VÝKONU VAZBY A TRESTU ODNĚTÍ SVOBODY - počet návštěv ve věznicích,19,dkod,
D19.19.2,SOCIÁLNÍ KURATELA - OSOBY VE VÝKONU VAZBY A TRESTU ODNĚTÍ SVOBODY - počet úvazků zaměstnanců,19,dkod,
D19.19.3,SOCIÁLNÍ KURATELA - počet vypracovaných IPMD,19,dkod,
D19.20,VÝMĚNA A VÝDEJ PARKOVACÍCH PRŮKAZŮ,19,dkod,
D19.21,POČET UZAVŘENÝCH (PODEPSANÝCH) SMLUV A DODATKŮ DLE § 91 odst. 6 zák. č. 108/2006 Sb.,19,dkod,
D19.22,POČET SOCIÁLNÍCH POHŘBŮ,19,dkod,
D19.23,Počet ostatních zaměstnanců - pracovních úvazků odboru sociálních věcí,19,dkod,
D20.1,Počet pravomocně vydaných rozhodnutí celkem,20,dkod,
D20.2.1,"Celkový počet přestupků řešených rozhodnutím, příkazem, příkazem na místě nebo blokovou pokutou",20,dkod,
D20.2.2,"Vyplňte 1 pokud přestupky řešíte sami na odboru, 0 pokud je předáváte k řešení na specializované pracoviště, odbor, oddělení nebo 2 (kombinace, jiné)",20,dkod,
D20.3,Počet povolení nakládání s vodami,20,dkod,
D20.4,Počet vydaných opatření obecné povahy,20,dkod,
D20.5,Počet vydaných souhlasů dle §17 MIMO JES,20,dkod,
D20.6,Počet řešených havarijních situací,20,dkod,
D20.7,Počet provedených kontrol (dozorů) se zápisem,20,dkod,
D20.8,Počet zaměstnanců - pracovních úvazků v agendě vodoprávní řízení celkem,20,dkod,
D21.1,Počet vydaných správních rozhodnutí,21,dkod,
D21.1.1,"z toho celkový počet přestupků řešených rozhodnutím, příkazem, příkazem na místě nebo blokovou pokutou",21,dkod,
D21.1.2.1,"Vyplňte 1 pokud přestupky řešíte sami na odboru, 0 pokud je předáváte k řešení na specializované pracoviště, odbor, oddělení nebo 2 (kombinace, jiné)",21,dkod,
D21.3,Výměra pozemků určených k plnění funkce lesa ve správním obvodu v hektarech,21,dkod,
D21.4,Počet zaměstnanců - pracovních úvazků v agendě lesní hospodářství celkem,21,dkod,
D31.1,Počet - úvazky zaměstnanců celkem,31,dkod,
D31.2.1,Počet zaměstnanců - úvazků zajišťujících výkon státní správy,31,dkod,
D31.9,Výdaje na činnost místní správy celkem (bez investičních výdajů) v tis. Kč,31,dkod,
D61.1.1,Průměrný evidenční přepočtený počet zaměstnanců obce zařazených do OP/MP celkem,61,dkod,
1.1,Počet obyvatel obce VČETNĚ cizinců,,prepocet,
1.1.1,Počet obyvatel obce BEZ cizinců,,prepocet,
1.1.2,% cizinců v obci,,prepocet,
1.2,Počet obyvatel správního obvodu obce s rozšířenou působností VČETNĚ cizinců,,prepocet,
1.2.1,Počet obyvatel správního obvodu obce s rozšířenou působností BEZ cizinců,,prepocet,
1.2.2,% cizinců ve správním obvodu s rozšířenou působností,,prepocet,
1.3,% počtu obyvatel obce vzhledem ke správnímu obvodu s rozšířenou působností,,prepocet,
1.4.1,Počet obyvatel správního obvodu obce s působností matričního úřadu VČETNĚ cizinců,,prepocet,
1.5.1,Počet obyvatel správního obvodu obce s působností stavebního úřadu VČETNĚ cizinců,,prepocet,
1.6,Počet obyvatel na km2 území obce,,prepocet,
1.7,Počet obyvatel na km2 území správního obvodu obce s rozšířenou působností,,prepocet,
1.8,Počet obcí ve správním obvodu obce s rozšířenou působností,,prepocet,
1.9,Podíl nezaměstnaných na obyvatelstvu v % v obci (nebo v okrese),,prepocet,
1.10,Podíl nezaměstnaných na obyvatelstvu v % ve správním obvodu obce s rozšířenou působností (nebo v okrese),,prepocet,
1.11,Průměrný fyzický počet zaměstnanců obce zařazených v obecním úřadě,,prepocet,
1.12,Průměrný evidenční přepočtený počet zaměstnanců obce zařazených v obecním úřadě,,prepocet,
1.13,Průměrný evidenční přepočtený počet zaměstnanců na 1 000 obyvatel správního obvodu,,prepocet,
1.14,Počet úvazků z přenesené působnosti k počtu obyvatel ORP (přepočteno na 1000 obyvatel ORP),,prepocet,
1.15,Počet úvazků ze samosprávy (vč. městské policie) k počtu obyvatel města (přepočteno na 1000 obyvatel města),,prepocet,
2.1,Počet pracovníků na 1000 obyvatel správního obvodu,,prepocet,
2.2.1,Počet sledovaných úkonů na pracovníka evidence obyvatel,,prepocet,
2.2.2,Struktura sledovaných úkonů v %,,prepocet,
2.3.3,Saldo počtu přihlášení a odhlášení trvalého pobytu (celkem za správní obvod),,prepocet,
2.3.4,Změna počtu osob přihlášených k trvalému pobytu,,prepocet,
2.5,Počet úředních hodin v týdnu,,prepocet,
2.6,Průměrná čekací doba (v minutách),,prepocet,
2.7.1,Provozní výdaje na jeden sledovaný úkon v Kč,,prepocet,
2.7.2,Provozní výdaje na úvazek agendy v tis. Kč,,prepocet,
2.8,Počet osob přihlášených k trvalému pobytu na ohlašovně obce na 1 000 obyvatel obce,,prepocet,
3.1.1,Počet pracovníků MATRIKY na 1000 obyvatel správního obvodu obce s působností matričního úřadu,,prepocet,
3.1.2,Počet úvazků vidimací a legalizací na 1000 obyvatel správního obvodu,,prepocet,
3.2,Vidimace a legalizace - počet případů na zaměstnance (úvazky za všechna pracoviště úřadu celkem),,prepocet,
3.3,Počet obcí v působnosti matričního úřadu,,prepocet,
3.4,Počet matričních úřadů ve správním obvodu,,prepocet,
3.5.1,Počet sledovaných úkonů na pracovníka matriky (bez vidimací a legalizací),,prepocet,
3.5.2,% žádostí o uzavření manželství a partnerství mimo stanovenou dobu a místo z počtu sňatků celkem,,prepocet,
3.5.3,Struktura sledovaných úkonů celkem v %,,prepocet,
3.5.4,Struktura sledovaných úkonů bez vidimací a legalizací v %,,prepocet,
3.6,Počet úředních hodin v týdnu,,prepocet,
3.7,Průměrná čekací doba (v minutách),,prepocet,
3.8.1,Provozní výdaje na jeden sledovaný úkon v Kč (bez vidimací a legalizací),,prepocet,
3.8.2,Provozní výdaje na úvazek agendy v tis. Kč,,prepocet,
3.9.1,Počet narození na 1 000 obyvatel,,prepocet,
3.9.2,Počet sňatků a partnerství na 1 000 obyvatel,,prepocet,
3.9.3,Počet úmrtí na 1 000 obyvatel,,prepocet,
4.1,Počet pracovníků na 1000 obyvatel správního obvodu,,prepocet,
4.2,Počet sledovaných úkonů na pracovníka,,prepocet,
4.3,% počtu žádostí off line (v terénu) z počtu žádostí o vydání OP celkem,,prepocet,
4.4,Počet úředních hodin v týdnu,,prepocet,
4.5,Průměrná čekací doba (v minutách),,prepocet,
4.6,Struktura sledovaných úkonů v %,,prepocet,
4.7.1,Provozní výdaje na jeden sledovaný úkon v Kč,,prepocet,
4.7.2,Provozní výdaje na úvazek agendy v tis. Kč,,prepocet,
4.7.3,Provozní výdaje na vydaný OP v Kč,,prepocet,
4.8,Příjmy ze správních poplatků a pokut na jeden sledovaný úkon v Kč,,prepocet,
4.9,Počet řešených přestupků celkem na úvazek agendy,,prepocet,
4.10,Počet přestupků vyřízených v PŘÍKAZNÍM řízení na úvazek agendy,,prepocet,
5.1,Počet pracovníků na 1000 obyvatel správního obvodu,,prepocet,
5.2,Počet sledovaných úkonů na pracovníka,,prepocet,
5.3,Počet úředních hodin v týdnu,,prepocet,
5.4,Průměrná čekací doba (v minutách),,prepocet,
5.5,Struktura sledovaných úkonů v %,,prepocet,
5.6.1,Provozní výdaje na jeden sledovaný úkon v Kč,,prepocet,
5.6.2,Provozní výdaje na úvazek agendy v tis. Kč,,prepocet,
5.6.3,Provozní výdaje na vydaný CD v Kč,,prepocet,
5.7,Příjmy ze správních poplatků a pokut na jeden sledovaný úkon v Kč,,prepocet,
5.8,Počet řešených přestupků celkem na úvazek agendy,,prepocet,
5.9,Počet přestupků vyřízených v PŘÍKAZNÍM řízení na úvazek agendy,,prepocet,
6.1,Počet pracovníků na 1000 obyvatel správního obvodu,,prepocet,
6.3.1,Struktura pracovníků dle pohlaví v %,,prepocet,
6.3.2,% zastoupení žen z celkového počtu zaměstnanců,,prepocet,
6.3.3,% zastoupení mužů z celkového počtu zaměstnanců,,prepocet,
6.4.1,Věková struktura pracovníků v %,,prepocet,
6.4.2,Index stáří úřadu,,prepocet,
6.4.3,Index stáří vedoucích zaměstnanců,,prepocet,
6.4.4,% zastoupení zaměstnanců s nárokem na starobní důchod,,prepocet,
6.5.1,Vzdělanostní struktura pracovníků v %,,prepocet,
6.5.2,Ukazatel vzdělanostní úrovně zaměstnanců,,prepocet,
6.6,Struktura zaměstnanců podle zařazení,,prepocet,
6.7,Struktura vedoucích úředníků podle pohlaví,,prepocet,
6.8,Věková struktura vedoucích úředníků,,prepocet,
6.9.1,% zastoupení vedoucích úředníků s vysokoškolským vzděláním,,prepocet,
6.9.2,% zastoupení vedoucích úředníků s vyšším odborným vzděláním,,prepocet,
6.10.1,Náklady v Kč na vzdělávání celkem na jednoho zaměstnance (včetně ZOZ),,prepocet,
6.10.2,Náklady v Kč na vzdělávání celkem na jednoho úředníka (včetně ZOZ),,prepocet,
6.12.1,Průměrný počet absolvovaných vzdělávacích akcí na jednoho pracovníka,,prepocet,
6.12.2,Průměrný počet absolvovaných vzdělávacích akcí na jednoho úředníka,,prepocet,
6.12.3,Průměrný počet absolvovaných vzdělávacích akcí E-learning na jednoho pracovníka,,prepocet,
6.12.5,Průměrný počet absolvovaných vzdělávacích akcí - ON-LINE kurzy,,prepocet,
6.13.1,Vážený index stáří úřadu (vážený průměrný věk),,prepocet,
6.13.2,Vážený index stáří vedoucích úředníků (vážený průměrný věk),,prepocet,
6.13.3,Index demografického rizika úřadu (počet zam. 51+ na zam. do 30 let),,prepocet,
6.13.4,Index odchodového rizika (počet zam. s nárokem na důchod na zam. do 30 let),,prepocet,
6.13.5,Index generační obnovy úřadu (počet zam. do 30 let na zam. 51+),,prepocet,
7.3,Počet sledovaných úkonů na jednoho pracovníka registru řidičů,,prepocet,
7.3.1,Počet všech rozhodnutí vydaných ve správních řízeních na úseku registru řidičů na jednoho pracovníka registru řidičů,,prepocet,
7.3.2,Počet pracovníků registru řidičů na 1 000 obyvatel správního obvodu,,prepocet,
7.4,Počet řidičů na jednoho pracovníka registru řidičů,,prepocet,
7.6,Průměrná čekací doba (v minutách),,prepocet,
7.7,Provozní výdaje na jeden sledovaný úkon v Kč,,prepocet,
7.8,Příjem správních poplatků na jeden sledovaný úkon v Kč,,prepocet,
7.8.1,Příjem správních poplatků na jeden vydaný řidičský průkaz (včetně mezinárodních) v Kč,,prepocet,
7.9,Počet zaměstnanců - pracovních úvazků v agendě registr řidičů celkem,,prepocet,
8.3,Počet sledovaných úkonů na jednoho pracovníka registrace,,prepocet,
8.4,Počet vozidel na jednoho pracovníka,,prepocet,
8.4.1,Počet pracovníků registru vozidel na 1 000 obyvatel správního obvodu,,prepocet,
8.6,Průměrná čekací doba (v minutách),,prepocet,
8.7,Příjem správních poplatků v Kč na jeden sledovaný úkon,,prepocet,
8.9,Provozní výdaje na jeden sledovaný úkon v Kč,,prepocet,
8.10,Počet lustrací (výdejů dat z registru) k počtu provedených úkonů celkem (údaj z CRV) v %,,prepocet,
8.11,Počet všech správních rozhodnutí na úseku registru vozidel k celkovému počtu sledovaných úkonů na registru vozidel v %,,prepocet,
8.12,Počet zaměstnanců - pracovních úvazků v agendě registr vozidel celkem,,prepocet,
9.3,Počet zkoušek celkem na jednoho zkušebního komisaře,,prepocet,
9.3.1,Počet zkušebních komisařů na 1 000 obyvatel správního obvodu,,prepocet,
9.4,Procento úspěšných žadatelů o řidičské oprávnění při 1. zkoušce,,prepocet,
9.5,Počet autoškol ve správním obvodu,,prepocet,
9.6,Provozní výdaje na jednu zkoušku v Kč,,prepocet,
9.7,Příjem správních poplatků na jednu zkoušku v Kč,,prepocet,
9.8,Počet zaměstnanců - pracovních úvazků v agendě zkušební komisaři celkem,,prepocet,
10.1,Počet oznámených skutkových podstat na jednoho pracovníka,,prepocet,
10.1.1,"Počet oznámených skutkových podstat na pracovníka (BEZ oznámených skutkových podstat dle §125f, odst. 2, písm. a) zákona 361/2000 Sb.)",,prepocet,
10.1.2,"Počet oznámených skutkových podstat na pracovníka dle §125f, odst. 2, písm. a) zákona 361/2000 Sb.",,prepocet,
10.2,Počet přestupků vyřízených příkazem na místě na jednoho pracovníka,,prepocet,
10.3,Počet přestupků vyřízených příkazem na jednoho pracovníka,,prepocet,
10.4,Počet přestupků vyřízených rozhodnutím na jednoho pracovníka,,prepocet,
10.5,Počet odložených přestupků na jednoho zaměstnance,,prepocet,
10.6,Celkový počet odvolání k celkovému počtu rozhodnutí (%),,prepocet,
10.7,Objem uložených pokut v Kč na počet oznámených skutkových podstat CELKEM,,prepocet,
10.8,Je provozován automatizovaný systém měření rychlosti a generuje výzvy?,,prepocet,
10.9,Je provozován automatizovaný systém parkování a generuje výzvy?,,prepocet,
10.10,Je provozován systém detekce jízdy na červenou a generuje výzvy?,,prepocet,
10.11,"Počet oznámených skutkových podstat dle §125f, odst. 2, písm. a) k celkovému počtu oznámených skutkových podstat dle zákona 361/2000 Sb. (%)",,prepocet,
10.12,"Počet zaměstnanců - pracovních úvazků celkem; SOUČET ZA PŘESTUPKY dle zákonů 361/2000 Sb., 168/1999 Sb. a 56/2001 Sb.",,prepocet,
10.12.1,"Procento úvazků zaměstnanců, kteří zpracovávají zpracovávají přestupky dle §125f, odst. 2, písm. a) zákona 361/2000 Sb.",,prepocet,
10.13,Struktura počtu oznámených skutkových podstat,,prepocet,
10.14,Struktura přestupků vyřízených rozhodnutím,,prepocet,
10.15,Počet oznámených skutkových podstat na 1 000 obyvatel správního obvodu,,prepocet,
10.16,Počet přestupků vyřízených rozhodnutím na 1 000 obyvatel správního obvodu,,prepocet,
10.17,Počet zaměstnanců v agendách dopravních přestupků na 1 000 obyvatel správního obvodu,,prepocet,
11.3,Počet sledovaných úkonů na pracovníka,,prepocet,
11.4,Struktura sledovaných úkonů,,prepocet,
11.5,Provozní výdaje na jeden sledovaný úkon v Kč,,prepocet,
11.7,Počet zaměstnanců - pracovních úvazků v agendě silniční správní úřad celkem,,prepocet,
11.8,Počet pracovníků silničního správního úřadu na 1 000 obyvatel správního obvodu,,prepocet,
12.3,Počet sledovaných úkonů celkem na jednoho pracovníka,,prepocet,
12.4,"Struktura sledovaných úkonů za agendy MHD, TAXI a SME",,prepocet,
12.5,Provozní výdaje na jeden sledovaný úkon v Kč,,prepocet,
12.6,Počet zaměstnanců - pracovních úvazků v agendě dopravní úřad celkem,,prepocet,
12.7,Počet pracovníků dopravního úřadu na 1 000 obyvatel správního obvodu,,prepocet,
14.3,Celkem řešených ÚPD a změn ÚPD ve sledovaném roce - město,,prepocet,
14.4,Celkem řešených ÚPD a změn ÚPD ve sledovaném roce - na žádost obcí správního území,,prepocet,
14.5,Počet řešených přezkumů ve sledovaném roce,,prepocet,
14.6,Počet sledovaných úkonů celkem na jednoho pracovníka,,prepocet,
14.7,Celkem řešených ÚPD a změn ÚPD - město a obce správního území na jednoho pracovníka,,prepocet,
14.8,"Počet vydaných a sledovaných ÚPI a Počet stanovisek, vyjádření, sdělení na jednoho pracovníka",,prepocet,
14.8.1,Počet vydaných závazných stanovisek na jednoho pracovníka,,prepocet,
14.9,Struktura úvazků,,prepocet,
14.10,Podíl úřadu územního plánování na zpracování ÚAP (%),,prepocet,
14.11,"Struktura sledovaných úkonů (BEZ ÚPI a stanovisek, vyjádření, sdělení)",,prepocet,
14.11.1,"Struktura sledovaných úkonů (včetně ÚPI a stanovisek, vyjádření, sdělení)",,prepocet,
14.12,Provozní výdaje na jeden sledovaný úkon v Kč,,prepocet,
14.13,Počet zaměstnanců - pracovních úvazků v agendě územní plánování celkem (BEZ úvazků pro ÚAP),,prepocet,
14.14,Počet pracovníků územního plánování (včetně ÚAP) na 1 000 obyvatel správního obvodu,,prepocet,
15.1,Počet rozhodnutí na 1 pracovníka,,prepocet,
15.2,Počet sledovaných úkonů celkem na jednoho pracovníka,,prepocet,
15.3,Počet památkově chráněných objektů,,prepocet,
15.4,"Počet památk. zón, rezervací, ochranných pásem správ. obvodu obce s rozšířenou působností",,prepocet,
15.5,Provozní výdaje na jeden sledovaný úkon v Kč,,prepocet,
15.7,Počet žádostí o finanční podporu na obnovu kulturních památek (podpora obce),,prepocet,
15.8,Počet uspokojených žádostí (podpora obce),,prepocet,
15.9,Počet zaměstnanců - pracovních úvazků v agendě památková péče celkem,,prepocet,
16.1,Celkový počet vydaných rozhodnutí ve věci na pracovníka (agendy),,prepocet,
16.2,"Celkový počet procesních ""rozhodnutí"" na pracovníka (agendy)",,prepocet,
16.3,Celkový počet vyjádření na pracovníka (agendy),,prepocet,
16.4,Celkový počet předběžných informací na pracovníka (agendy),,prepocet,
16.5,Celkový počet kontrolních prohlídek a kontrol dle kontrolního řádu na pracovníka (agendy),,prepocet,
16.6,Struktura celkového počtu vydaných rozhodnutí,,prepocet,
16.7,"Struktura celkového počtu povolení záměru, změny záměru před dokončením, prodloužení doby trvání stavby",,prepocet,
16.8,Užívání stavby - struktura celkového počtu vydaných rozhodnutí,,prepocet,
16.9,Odstraňování staveb - struktura celkového počtu vydaných rozhodnutí,,prepocet,
16.10,Počet projednaných přestupků na pracovníka (agendy),,prepocet,
16.11,Odvolacím orgánem zrušená rozhodnutí k počtu všech odvolání (v %),,prepocet,
16.12,Odvolacím orgánem zrušená rozhodnutí k počtu všech vydaných rozhodnutí (v %),,prepocet,
16.13,"Počet žádostí o informace dle zákona č. 106/1999 Sb., o svobodném přístupu k informacím",,prepocet,
16.14,Počet katastrálních území ve správním obvodu ORP,,prepocet,
16.15,Počet zaměstnanců - pracovních úvazků v agendě obecní stavební úřad celkem,,prepocet,
16.15.1,Procento reálně obsazených pracovních úvazků SÚ,,prepocet,
16.16,"Počet pracovníků na 1000 obyvatel správního obvodu obce s rozšířenou působností, VČETNĚ cizinců",,prepocet,
16.17,"Počet pracovníků na 1000 obyvatel správního obvodu s působností stavebního úřadu, VČETNĚ cizinců",,prepocet,
17.2.1,Počet oznámených skutkových podstat dle zákona 251/2016 Sb. na 1 000 obyvatel obce,,prepocet,
17.2.1.1,Počet oznámených skutkových podstat dle zákona 251/2016 Sb. na 1 000 obyvatel obce a obcí s nimiž je uzavřena veřejnoprávní smlouva,,prepocet,
17.2.2,Počet oznámených skutkových podstat dle zákona 251/2016 Sb. na zaměstnance,,prepocet,
17.2.3,% struktura přestupků dle způsobu vyřízení (zákon 251/2016 Sb.),,prepocet,
17.2.4,% odvolání z počtu oznámených skutkových podstat (zákon 251/2016 Sb.),,prepocet,
17.2.5,Počet odvolání dle zákona 251/2016 Sb. na zaměstnance,,prepocet,
17.3.1,Počet oznámených skutkových podstat OSTATNÍCH PŘESTUPKŮ dle zvláštních právních předpisů na zaměstnance,,prepocet,
17.3.2,% struktura OSTATNÍCH PŘESTUPKŮ dle způsobu vyřízení,,prepocet,
17.3.3,% odvolání z počtu oznámených skutkových podstat (OSTATNÍ PŘESTUPKY),,prepocet,
17.3.4,Počet odvolání na zaměstnance (OSTATNÍ PŘESTUPKY),,prepocet,
17.4.1,Počet oznámených skutkových podstat CELKEM na zaměstnance,,prepocet,
17.4.2,Počet oznámených skutkových podstat CELKEM na 1 000 obyvatel obce,,prepocet,
17.4.3,Objem uložených pokut v Kč včetně nákladů řízení dle zákona 251/2016 Sb. a ostatních právních předpisů na počet oznámení CELKEM,,prepocet,
17.5.1,Počet zaměstnanců - pracovních úvazků,,prepocet,
17.5.2,Počet zaměstnanců agendy přestupků dle zákona 251/2016 Sb. na 1 000 obyvatel obvodu pro nějž výkon agendy zajišťuje,,prepocet,
17.6.1,"Počet obcí, za které úřad projednává přestupky dle zákona 251/2016 Sb. na základě rozhodnutí Krajského úřadu ve věci převodu výkonu této agendy",,prepocet,
17.6.2,Počet uzavřených veřejnoprávních smluv o řešení přestupků dle zákona 251/2016 Sb.,,prepocet,
17.7.1,"Počet OBYVATEL OBCÍ, za které úřad projednává přestupky na základě rozhodnutí Krajského úřadu ve věci převodu výkonu agendy a OBCÍ, s nimiž jsou uzavřeny veřejnoprávní smlouvy",,prepocet,
17.7.2,Projednáváte přestupky v přestupkové komisi? (ano = 1),,prepocet,
18.1,Počet držitelů živnostenských oprávnění na 1000 obyvatel správního obvodu obce s rozšířenou působností,,prepocet,
18.2.1,Počet držitelů živnostenských oprávnění připadajících na jednoho pracovníka ŽÚ,,prepocet,
18.2.2,Počet všech živnostenských oprávnění připadajících na jednoho pracovníka ŽÚ,,prepocet,
18.2.3,Počet pracovníků ŽÚ na 10 000 obyvatel správního obvodu,,prepocet,
18.3.1,Počet vybraných úkonů v registraci celkem na jednoho registračního pracovníka ŽÚ,,prepocet,
18.3.2,Struktura sledovaných úkonů registrace v %,,prepocet,
18.4,% podíl sankčních zrušení živnostenských oprávnění z počtu zrušení živnostenských oprávnění celkem,,prepocet,
18.5,Počet podnětů celkem na jeden úvazek zaměstnanců Živnostenského úřadu,,prepocet,
18.5.1,% podíl podnětů od cizích osob z počtu podnětů celkem,,prepocet,
18.5.2,% podíl avíz a usnesení z počtu podnětů celkem,,prepocet,
18.6,"Počet kontrol, úkonů a úředních záznamů na jednoho kontrolního pracovníka ŽÚ",,prepocet,
18.6.1,Počet předmětů kontrol připadajících na jednu kontrolu,,prepocet,
18.7.1,Počet uložených pokut příkazem a pokut v přestupkovém řízení (v ks) na jednoho kontrolního pracovníka,,prepocet,
18.7.2,Počet uložených pokut příkazem a pokut v přestupkovém řízení (v ks) na počet kontrol,,prepocet,
18.8,Průměrná výše pokuty uložené příkazem na místě v Kč,,prepocet,
18.9,Průměrná výše pokuty uložené v přestupkovém řízení v Kč,,prepocet,
18.10,Počet kontrol připadajících na 1 000 držitelů živnostenského oprávnění,,prepocet,
18.11,Počet registrovaných zemědělských podnikatelů na jednoho pracovníka této agendy,,prepocet,
18.11.1,Počet registrovaných zemědělských podnikatelů,,prepocet,
18.12,Provozní výdaje v Kč na jeden sledovaný úkon v registraci,,prepocet,
18.13,Struktura pracovních úvazků v agendě Živnostenského úřadu v %,,prepocet,
18.14,Struktura pracovních úvazků na odboru celkem v %,,prepocet,
18.15,Počet úředních hodin v týdnu,,prepocet,
19.1,Podíl nezaměstnaných na obyvatelstvu v % ve správním obvodu obce s rozšířenou působností (nebo v okrese),,prepocet,
19.2,% podíl dětí do 18 let ve správním obvodu ORP k celkovému počtu obyvatel,,prepocet,
19.3,Míra náročnosti výkonu sociální práce,,prepocet,
19.4,Evidovaný počet případů SPOD na 1 000 obyvatel správního obvodu,,prepocet,
19.5,Evidovaný počet případů SPOD na zaměstnance (bez úvazků na zajištění náhradní rodinné péče),,prepocet,
19.5.1,Počet případů SPOD zaevidovaných za sledovaný rok na zaměstnance (bez úvazků na zajištění náhradní rodinné péče),,prepocet,
19.5.2,"Počet případů kolizního opatrovnictví, poručnictví na zaměstnance (bez úvazků na zajištění náhradní rodinné péče)",,prepocet,
19.5.3,Počet spisů pomocné evidence na zaměstnance (bez úvazků na zajištění náhradní rodinné péče),,prepocet,
19.5.4.1,Počet dětí umístěných v náhradní péči zařízení pro péči o děti na zaměstnance (bez úvazků na zajištění náhradní rodinné péče),,prepocet,
19.5.4.2,Celkový počet dětí umístěných v náhradní péči zařízení pro péči o děti na zaměstnance (bez úvazků na zajištění náhradní rodinné péče),,prepocet,
19.5.4.3,Počet vypracovaných IPOD dětí dle § 6 zákona č. 359/1999 Sb. na zaměstnance,,prepocet,
19.5.5,"Počet dětí, u kterých byl soudem či OSPOD stanoven dohled na zaměstnance",,prepocet,
19.5.6,Počet zásahů v rámci pohotovostní služby OSPOD mimo pracovní dobu na zaměstnance (bez úvazků na zajištění náhradní rodinné péče),,prepocet,
19.5.7,Počet pořádaných případových konferencí na zaměstnance,,prepocet,
19.5.8,Počet dohod o výkonu pěstounské péče uzavřených OSPOD na zaměstnance (bez úvazků na zajištění náhradní rodinné péče),,prepocet,
19.5.9,Počet sociálních šetření a soudních jednání na zaměstnance,,prepocet,
19.5.10.1,"Počet sociálních šetření na zaměstnance (bez úvazků na zajištění náhradní rodinné péče) - vyplňují pouze OSPOD, které průkazně sledují",,prepocet,
19.5.10.2,"Počet soudních jednání na zaměstnance (bez úvazků na zajištění náhradní rodinné péče) - vyplňují pouze OSPOD, které průkazně sledují",,prepocet,
19.5.10.3,Poměr soudních jednání a sociálních šetření v %,,prepocet,
19.5.10.4,Struktura sledovaných případů a úkonů v %,,prepocet,
19.5.11.1,Náklady (příjmy) na výkon OSPOD dle vyúčtování dotace MPSV v tis. Kč na úvazek,,prepocet,
19.5.11.2,Náklady (příjmy) na výkon OSPOD dle vyúčtování dotace MPSV v tis. Kč na evidovaný případ,,prepocet,
19.6.1,Počet dětí v náhradní rodinné péči na zaměstnance zajišťujícího tuto agendu,,prepocet,
19.6.2,Počet osob vykonávajících náhradní rodinnou péči na zaměstnance zajišťujícího tuto agendu,,prepocet,
19.6.3,Počet dětí v náhradní rodinné péči na 1 000 obyvatel správního obvodu,,prepocet,
19.6.4,Celkový počet dětí svěřených do pěstounské péče na přechodnou dobu na zaměstnance zajišťujícího tuto agendu,,prepocet,
19.7,Počet klientů kurátora pro děti a mládež na zaměstnance (kurátora),,prepocet,
19.8.1,ZVLÁŠTNÍ PŘÍJEMCE DÁVEK DŮCHODOVÉHO POJIŠTĚNÍ - počet správních rozhodnutí na 1 000 obyvatel obce,,prepocet,
19.8.2,ZVLÁŠTNÍ PŘÍJEMCE DÁVEK DŮCHODOVÉHO POJIŠTĚNÍ - počet evidovaných zvláštních příjemců dávek důchodového pojištění na 1 000 obyvatel obce,,prepocet,
19.9.1,VEŘEJNÉ OPATROVNICTVÍ - počet opatrovanců na 1 000 obyvatel obce,,prepocet,
19.9.2,VEŘEJNÉ OPATROVNICTVÍ - počet opatrovanců na úvazek zaměstnance agendy,,prepocet,
19.9.3,VEŘEJNÉ OPATROVNICTVÍ - % opatrovanců v pobytových zařízeních,,prepocet,
19.9.4,VEŘEJNÉ OPATROVNICTVÍ - Počty případů a sledovaných úkonů na zaměstnance agendy,,prepocet,
19.9.5,VEŘEJNÉ OPATROVNICTVÍ - % poměr sociálních šetření a návštěv,,prepocet,
19.10.1,SOCIÁLNÍ PRÁCE - OHROŽENÉ A VYLOUČENÉ OSOBY - počet spisů NA 1 000 OBYVATEL OBCE S POVĚŘENÝM ÚŘADEM,,prepocet,
19.10.2,SOCIÁLNÍ PRÁCE - OHROŽENÉ A VYLOUČENÉ OSOBY - počet anonymních klientů na 1 000 OBYVATEL OBCE S POVĚŘENÝM ÚŘADEM,,prepocet,
19.10.3,SOCIÁLNÍ PRÁCE - OHROŽENÉ A VYLOUČENÉ OSOBY - počet spisů na zaměstnance agendy,,prepocet,
19.10.4,SOCIÁLNÍ PRÁCE - OHROŽENÉ A VYLOUČENÉ OSOBY - počet anonymních klientů na zaměstnance agendy,,prepocet,
19.10.5,SOCIÁLNÍ PRÁCE - OHROŽENÉ A VYLOUČENÉ OSOBY - počet sociálních šetření na zaměstnance agendy,,prepocet,
19.11.1,SOCIÁLNÍ KURATELA - OSOBY VE VÝKONU VAZBY A TRESTU ODNĚTÍ SVOBODY - počet návštěv ve věznicích na zaměstnance agendy,,prepocet,
19.11.2,SOCIÁLNÍ KURATELA - počet vypracovaných IPMD na zaměstnance agendy,,prepocet,
19.12.1,VÝMĚNA A VÝDEJ PARKOVACÍCH PRŮKAZŮ počet ks za období sledovaného roku,,prepocet,
19.12.2,VÝMĚNA A VÝDEJ PARKOVACÍCH PRŮKAZŮ počet ks na 1 000 obyvatel správního obvodu,,prepocet,
19.13.1,POČET UZAVŘENÝCH (PODEPSANÝCH) SMLUV A DODATKŮ DLE § 91 odst. 6 zák. č. 108/2006 Sb.,,prepocet,
19.13.2,POČET UZAVŘENÝCH (PODEPSANÝCH) SMLUV A DODATKŮ DLE § 91 odst. 6 zák. č. 108/2006 Sb. na 1 000 obyvatel správního obvodu,,prepocet,
19.14.1,POČET SOCIÁLNÍCH POHŘBŮ na 1 000 obyvatel obce,,prepocet,
19.14.2,POČET SOCIÁLNÍCH POHŘBŮ ve sledovaném roce,,prepocet,
19.15.1,Počet pracovních úvazků odboru sociálních věcí celkem (bez kategorie ostatní) na 1 000 obyvatel správního obvodu,,prepocet,
19.15.2,Struktura úvazků (bez kategorie ostatních zaměstnanců) v %,,prepocet,
19.15.3,Počet ostatních zaměstnanců - pracovních úvazků odboru sociálních věcí na 1 000 obyvatel správního obvodu,,prepocet,
20.1,Počet pravomocně vydaných rozhodnutí na jednoho zaměstnance,,prepocet,
20.2.1,"Celkový počet přestupků řešených rozhodnutím, příkazem, příkazem na místě nebo blokovou pokutou na jednoho zaměstnance",,prepocet,
20.2.2,"Vyplňte 1 pokud přestupky řešíte sami na odboru, 0 pokud je předáváte k řešení na specializované pracoviště, odbor, oddělení nebo 2 (kombinace, jiné)",,prepocet,
20.3,% povolení nakládání s vodami z vydaných rozhodnutí celkem,,prepocet,
20.4,% vydaných opatření obecné povahy z vydaných rozhodnutí celkem,,prepocet,
20.5,Počet vydaných souhlasů dle §17 MIMO JES na jednoho zaměstnance,,prepocet,
20.6,Počet řešených havarijních situací na jednoho zaměstnance,,prepocet,
20.7,Počet provedených kontrol (dozorů) se zápisem na jednoho zaměstnance,,prepocet,
21.1,Počet vydaných správních rozhodnutí na jednoho zaměstnance,,prepocet,
21.1.1,% vydaných správních rozhodnutí z moci úřední z vydaných rozhodnutí celkem,,prepocet,
21.1.2,"Celkový počet přestupků řešených rozhodnutím, příkazem, příkazem na místě nebo blokovou pokutou na jednoho zaměstnance",,prepocet,
21.1.3,"Vyplňte 1 pokud přestupky řešíte sami na odboru, 0 pokud je předáváte k řešení na specializované pracoviště, odbor, oddělení nebo 2 (kombinace, jiné)",,prepocet,
21.4,Výměra pozemků určených k plnění funkce lesa ve správním obvodu v hektarech na jednoho zaměstnance,,prepocet,
